image_name,feature_1,feature_2,feature_3,feature_4,feature_5,feature_6,feature_7,feature_8,feature_9,feature_10,feature_11,feature_12,feature_13,feature_14,feature_15,feature_16,feature_17,feature_18,feature_19,feature_20,feature_21,feature_22,feature_23,feature_24
IDRiD_56.jpg,4.693049557922,4.826373749231371,4.5966680234128985,4.742020090325526,4.590920922075018,4.729713004499972,4.607329690498816,4.6989259286433,2.8023597776566604,2.928816096250955,2.732400876003876,2.865164754411463,2.6569817986378967,2.7888314746492258,2.7201208668734975,2.8042060880056647,1.9801143509978198,2.0914541582816257,1.9293689848976094,2.0487323739448824,1.8697944325656362,1.992413139126465,1.93059078437401,2.012060920817262
IDRiD_56.jpg,4.693049557922,4.826373749231371,4.5966680234128985,4.742020090325526,4.590920922075018,4.729713004499972,4.607329690498816,4.6989259286433,2.8023597776566604,2.928816096250955,2.732400876003876,2.865164754411463,2.6569817986378967,2.7888314746492258,2.7201208668734975,2.8042060880056647,1.9801143509978198,2.0914541582816257,1.9293689848976094,2.0487323739448824,1.8697944325656362,1.992413139126465,1.93059078437401,2.012060920817262
IDRiD_56.jpg,4.693049557922,4.826373749231371,4.5966680234128985,4.742020090325526,4.590920922075018,4.729713004499972,4.607329690498816,4.6989259286433,2.8023597776566604,2.928816096250955,2.732400876003876,2.865164754411463,2.6569817986378967,2.7888314746492258,2.7201208668734975,2.8042060880056647,1.9801143509978198,2.0914541582816257,1.9293689848976094,2.0487323739448824,1.8697944325656362,1.992413139126465,1.93059078437401,2.012060920817262
IDRiD_56.jpg,4.693049557922,4.826373749231371,4.5966680234128985,4.742020090325526,4.590920922075018,4.729713004499972,4.607329690498816,4.6989259286433,2.8023597776566604,2.928816096250955,2.732400876003876,2.865164754411463,2.6569817986378967,2.7888314746492258,2.7201208668734975,2.8042060880056647,1.9801143509978198,2.0914541582816257,1.9293689848976094,2.0487323739448824,1.8697944325656362,1.992413139126465,1.93059078437401,2.012060920817262
